{
  "video": {
    "path": "/home/silab/[King]/_2025_SeSAC_CompilerEditors/Input/Sample.mp4",
    "duration": 52.167,
    "fps": 30.0,
    "orig_duration": 63.867,
    "logical_duration": 47.42
  },
  "shots": {
    "shot_1": [
      {
        "start": 0.0,
        "end": 21.7,
        "start_frame": 0,
        "end_frame": 651,
        "probability": 0.6217876672744751,
        "segments": [
          {
            "start": 0.0,
            "end": 7.04,
            "text": "안녕하세요 저희는 음성 및 장면 분석을 통해 자동으로 편집을 해주는 도구를 개발하였습니다",
            "language": "",
            "emotion": "hap",
            "emotion_score": 0.6602364182472229,
            "features": {
              "rms_db": -31.09990692138672,
              "zcr": 0.0838164592760181,
              "vad_ratio": 0.7782805429864253,
              "centroid_hz": 1442.4726783390483,
              "rolloff_hz": 3081.872171945701,
              "hf_ratio": 0.10845594853162766,
              "flatness": 0.015271611511707306,
              "slope_db_per_khz": -4.024140744750965,
              "contrast": 20.62720021194243,
              "bpm_est": 120.0,
              "tone_tag": "dark",
              "arrangement_tag": "thin arrangement",
              "rhythm_tag": "moderate rhythm",
              "volume_hint": "very gentle background"
            },
            "orig_start": 4.96,
            "orig_end": 12.0
          },
          {
            "start": 7.04,
            "end": 11.21,
            "text": "저희는 컷편집 배경음악 동적자막을 자동으로 구성합니다",
            "language": "",
            "emotion": "sad",
            "emotion_score": 0.8798682689666748,
            "features": {
              "rms_db": -31.64160919189453,
              "zcr": 0.0795339336832061,
              "vad_ratio": 0.8015267175572519,
              "centroid_hz": 1406.6447401048674,
              "rolloff_hz": 3069.656488549618,
              "hf_ratio": 0.117530956864357,
              "flatness": 0.016859881579875946,
              "slope_db_per_khz": -3.364529597641743,
              "contrast": 19.08136633628772,
              "bpm_est": 120.0,
              "tone_tag": "dark",
              "arrangement_tag": "light arrangement",
              "rhythm_tag": "moderate rhythm",
              "volume_hint": "very gentle background"
            },
            "orig_start": 12.0,
            "orig_end": 16.17
          },
          {
            "start": 11.21,
            "end": 16.52,
            "text": "그러므로 번거로운 영상 편집 시간을 획기적으로 줄일 수 있는 AI를",
            "language": "",
            "emotion": "hap",
            "emotion_score": 0.7009581327438354,
            "features": {
              "rms_db": -31.497285842895508,
              "zcr": 0.07430938903443114,
              "vad_ratio": 0.8023952095808383,
              "centroid_hz": 1354.8551309671914,
              "rolloff_hz": 2906.437125748503,
              "hf_ratio": 0.09985099732875824,
              "flatness": 0.01156508270651102,
              "slope_db_per_khz": -4.147697639870952,
              "contrast": 20.11241209153062,
              "bpm_est": 120.0,
              "tone_tag": "dark",
              "arrangement_tag": "thin arrangement",
              "rhythm_tag": "moderate rhythm",
              "volume_hint": "very gentle background"
            },
            "orig_start": 16.17,
            "orig_end": 21.48
          },
          {
            "start": 16.52,
            "end": 20.44,
            "text": "만들었습니다 감사합니다",
            "language": "",
            "emotion": "neu",
            "emotion_score": 0.5797339081764221,
            "features": {
              "rms_db": -34.97178649902344,
              "zcr": 0.05981643800813008,
              "vad_ratio": 1.0,
              "centroid_hz": 1161.2126753368877,
              "rolloff_hz": 2549.098069105691,
              "hf_ratio": 0.0852358415722847,
              "flatness": 0.008246730081737041,
              "slope_db_per_khz": -4.662145967181797,
              "contrast": 19.99221127839228,
              "bpm_est": 130.0,
              "tone_tag": "dark",
              "arrangement_tag": "thin arrangement",
              "rhythm_tag": "moderate rhythm",
              "volume_hint": "very gentle background"
            },
            "orig_start": 21.48,
            "orig_end": 25.4
          }
        ]
      }
    ],
    "shot_2": [
      {
        "start": 21.7,
        "end": 52.167,
        "start_frame": 651,
        "end_frame": 1565,
        "probability": 0.0829697996377945,
        "segments": [
          {
            "start": 20.44,
            "end": 24.22,
            "text": "야 너 어제 약속 못 온다 했잖아",
            "language": "",
            "emotion": "neu",
            "emotion_score": 0.9776611924171448,
            "features": {
              "rms_db": -39.19380569458008,
              "zcr": 0.06271746980042017,
              "vad_ratio": 1.0,
              "centroid_hz": 1160.063968524037,
              "rolloff_hz": 2564.6008403361343,
              "hf_ratio": 0.10300321877002716,
              "flatness": 0.008179310709238052,
              "slope_db_per_khz": -4.003890499526452,
              "contrast": 18.120736712253205,
              "bpm_est": 120.0,
              "tone_tag": "dark",
              "arrangement_tag": "light arrangement",
              "rhythm_tag": "moderate rhythm",
              "volume_hint": "very gentle background"
            },
            "orig_start": 2.0,
            "orig_end": 5.78
          },
          {
            "start": 24.22,
            "end": 25.98,
            "text": "집안에 급한 일이 있다고",
            "language": "",
            "emotion": "hap",
            "emotion_score": 0.9537851214408875,
            "features": {
              "rms_db": -31.802860260009766,
              "zcr": 0.08293805803571429,
              "vad_ratio": 0.6785714285714286,
              "centroid_hz": 1435.289310797323,
              "rolloff_hz": 3089.0066964285716,
              "hf_ratio": 0.10587100684642792,
              "flatness": 0.012937257997691631,
              "slope_db_per_khz": -3.878212716816102,
              "contrast": 20.438531521704824,
              "bpm_est": 120.0,
              "tone_tag": "dark",
              "arrangement_tag": "light arrangement",
              "rhythm_tag": "simple rhythm",
              "volume_hint": "very gentle background"
            },
            "orig_start": 5.78,
            "orig_end": 7.54
          },
          {
            "start": 25.98,
            "end": 26.88,
            "text": "근데 이게 뭐야",
            "language": "",
            "emotion": "ang",
            "emotion_score": 0.7394259572029114,
            "features": {
              "rms_db": -28.863994598388672,
              "zcr": 0.06504242995689655,
              "vad_ratio": 0.9310344827586207,
              "centroid_hz": 1329.6579276876398,
              "rolloff_hz": 2818.9655172413795,
              "hf_ratio": 0.09242875874042511,
              "flatness": 0.017722710967063904,
              "slope_db_per_khz": -3.6935770040263343,
              "contrast": 23.30869840465276,
              "bpm_est": 120.0,
              "tone_tag": "dark",
              "arrangement_tag": "thin arrangement",
              "rhythm_tag": "simple rhythm",
              "volume_hint": "very gentle background"
            },
            "orig_start": 7.54,
            "orig_end": 8.44
          },
          {
            "start": 26.88,
            "end": 30.22,
            "text": "네 SNS에 어제 네가 올린 사진이잖아",
            "language": "",
            "emotion": "sad",
            "emotion_score": 0.5498886108398438,
            "features": {
              "rms_db": -31.175546646118164,
              "zcr": 0.08428199404761905,
              "vad_ratio": 0.8,
              "centroid_hz": 1431.588676790425,
              "rolloff_hz": 3024.4791666666665,
              "hf_ratio": 0.10383071005344391,
              "flatness": 0.015984492376446724,